"PDB ID","Length a (Å)","Length b (Å)","Length c (Å)","Angle alpha (°)","Angle beta (°)","Angle gamma (°)","Z-number","Space Group"
"6VYB",,,,,,,,
"6VXX",,,,,,,,
"6Y2E","114.983","53.763","44.774","90","101.242","90","4","C 1 2 1"
"6Y2G","68.566","101.602","103.696","90","90","90","8","P 21 21 21"
"6Y2F","98.085","80.926","51.659","90","114.838","90","4","C 1 2 1"
"5R8T","112.207","52.596","44.631","90","102.99","90","4","C 1 2 1"
"5REA","111.604","52.401","44.322","90","102.78","90","4","C 1 2 1"
"5REC","112.398","52.72","44.4","90","102.89","90","4","C 1 2 1"
"5REB","113.212","53.034","44.302","90","102.95","90","4","C 1 2 1"
"5REE","113.058","52.901","44.343","90","102.72","90","4","C 1 2 1"
"5RED","113.307","52.912","44.437","90","103.01","90","4","C 1 2 1"
"5REG","111.317","52.414","44.278","90","102.95","90","4","C 1 2 1"
"5REF","112.514","52.708","44.455","90","103.04","90","4","C 1 2 1"
"5RE9","112.706","52.645","44.48","90","102.87","90","4","C 1 2 1"
"5RE8","112.962","52.752","44.174","90","102.99","90","4","C 1 2 1"
"5RE5","112.53","52.81","44.52","90","102.15","90","4","C 1 2 1"
"5RE4","111.643","52.352","44.369","90","103.08","90","4","C 1 2 1"
"5RE7","113.118","52.802","44.506","90","103.13","90","4","C 1 2 1"
"5RE6","112.56","52.81","44.62","90","103.2","90","4","C 1 2 1"
"5RFB","112.489","52.63","44.593","90","102.98","90","4","C 1 2 1"
"5RFA","112.634","52.833","44.441","90","103.08","90","4","C 1 2 1"
"5RFD","111.952","52.63","44.657","90","102.98","90","4","C 1 2 1"
"5RFC","112.577","52.959","44.586","90","102.99","90","4","C 1 2 1"
"5RFF","112.943","52.908","44.529","90","103.09","90","4","C 1 2 1"
"5RFE","112.593","52.934","44.458","90","102.96","90","4","C 1 2 1"
"5RFH","112.297","52.885","44.537","90","103.11","90","4","C 1 2 1"
"5RFG","113.335","53.266","44.411","90","103.18","90","4","C 1 2 1"
"5REY","113.335","53.297","44.517","90","103.12","90","4","C 1 2 1"
"5REX","112.639","53.038","44.943","90","102.71","90","4","C 1 2 1"
"5RF9","111.967","52.499","44.563","90","102.92","90","4","C 1 2 1"
"5REZ","113.199","53.268","44.427","90","102.91","90","4","C 1 2 1"
"5RF2","112.671","52.715","44.725","90","102.96","90","4","C 1 2 1"
"5REP","112.074","52.597","44.389","90","102.86","90","4","C 1 2 1"
"5RF1","112.485","52.653","44.429","90","102.74","90","4","C 1 2 1"
"5RES","112.332","52.696","44.479","90","102.87","90","4","C 1 2 1"
"5RF4","112.793","52.856","44.535","90","103.04","90","4","C 1 2 1"
"5RER","112.552","52.739","44.111","90","102.71","90","4","C 1 2 1"
"5RF3","112.469","52.697","44.537","90","103.06","90","4","C 1 2 1"
"5REU","112.233","52.757","44.543","90","102.93","90","4","C 1 2 1"
"5RF6","112.714","52.798","44.574","90","103.04","90","4","C 1 2 1"
"5RET","112.889","53.003","44.457","90","103.04","90","4","C 1 2 1"
"5RF5","112.225","52.701","44.634","90","102.89","90","4","C 1 2 1"
"5REW","112.161","52.566","44.585","90","102.91","90","4","C 1 2 1"
"5REV","112.22","52.787","44.46","90","102.96","90","4","C 1 2 1"
"5RF7","113.109","52.815","44.469","90","102.97","90","4","C 1 2 1"
"5REI","113.646","53.228","44.405","90","102.99","90","4","C 1 2 1"
"5REH","113.973","52.913","44.135","90","103.02","90","4","C 1 2 1"
"5REK","112.504","52.706","44.481","90","102.91","90","4","C 1 2 1"
"5REJ","112.568","52.86","44.49","90","102.9","90","4","C 1 2 1"
"5REM","113.453","53.263","44.426","90","102.66","90","4","C 1 2 1"
"5REL","112.875","53.127","44.387","90","103.04","90","4","C 1 2 1"
"5REO","112.394","52.591","44.385","90","103.04","90","4","C 1 2 1"
"5RF0","112.766","52.716","44.65","90","103.06","90","4","C 1 2 1"
"5REN","113.544","52.903","44.618","90","103.16","90","4","C 1 2 1"
"5RFZ","111.565","52.545","44.523","90","102.78","90","4","C 1 2 1"
"5RFY","111.969","52.541","44.676","90","103.08","90","4","C 1 2 1"
"5RFR","113.202","53.196","44.535","90","103.21","90","4","C 1 2 1"
"5RFQ","112.038","52.733","44.717","90","103.02","90","4","C 1 2 1"
"5RFT","112.771","52.953","44.472","90","103.09","90","4","C 1 2 1"
"5RFS","112.861","52.958","44.518","90","103.22","90","4","C 1 2 1"
"5RFV","112.254","52.664","44.535","90","103.02","90","4","C 1 2 1"
"5RFU","112.518","52.659","44.542","90","102.95","90","4","C 1 2 1"
"5RFX","111.803","52.599","44.686","90","102.94","90","4","C 1 2 1"
"5RFW","112.828","53.056","44.493","90","103.19","90","4","C 1 2 1"
"5RFJ","112.164","52.739","44.481","90","102.96","90","4","C 1 2 1"
"5RFI","112.157","52.936","44.403","90","103.03","90","4","C 1 2 1"
"5RFL","112.043","52.569","44.672","90","103.02","90","4","C 1 2 1"
"5RFK","112.854","52.919","44.942","90","103.14","90","4","C 1 2 1"
"5RFN","112.25","52.872","44.476","90","103.02","90","4","C 1 2 1"
"5RFM","113.529","53.304","44.465","90","103.23","90","4","C 1 2 1"
"5RFP","114.135","53.675","44.208","90","100.86","90","4","C 1 2 1"
"5RFO","111.986","52.546","44.593","90","103.15","90","4","C 1 2 1"
"5RG0","112.645","52.876","44.444","90","103.13","90","4","C 1 2 1"
"7BTF",,,,,,,,
"6M71",,,,,,,,
"5RF8","113.429","53.057","44.674","90","103.1","90","4","C 1 2 1"
"6W4H","167.74","167.74","51.942","90","90","120","6","P 31 2 1"
"6W9Q","59.011","59.011","85.649","90","90","90","8","P 43 2 2"
"6M3M","58.888","92.685","97.325","90","90","90","16","P 21 21 21"
"6W75","166.245","166.245","98.279","90","90","120","12","P 32 2 1"
"6W9C","190.786","110.28","64.069","90","96.22","90","12","C 1 2 1"
"6LXT","51.24","57.58","115.72","90","91.58","90","12","P 1 21 1"
"6W6Y","37.746","33.375","121.148","90","95.086","90","4","P 1 21 1"
"5R83","112.267","52.583","44.535","90","102.95","90","4","C 1 2 1"
"5R80","112.891","53.03","44.352","90","102.46","90","4","C 1 2 1"
"5R7Z","112.09","52.513","44.384","90","102.94","90","4","C 1 2 1"
"6W63","45.05","63.84","106.588","90","90","90","4","P 21 21 2"
"6W61","168.564","168.564","51.962","90","90","120","6","P 31 2 1"
"6LU7","97.931","79.477","51.803","90","114.55","90","4","C 1 2 1"
"6M0J","104.67","104.67","228.72","90","90","90","8","P 41 21 2"
"6YI3",,,,,,,,
"6M03","113.964","53.45","45.029","90","101.83","90","4","C 1 2 1"
"6LVN","28.195","49.729","89.576","90","90","90","16","P 21 21 21"
"6W41","147.535","147.535","200.156","90","90","90","8","P 41 2 2"
"5R84","113.146","53.167","44.267","90","101.66","90","4","C 1 2 1"
"5R7Y","112.463","52.731","44.299","90","102.81","90","4","C 1 2 1"
"5R82","112.665","52.848","44.468","90","102.97","90","4","C 1 2 1"
"5R81","113.78","53.49","44.45","90","101.7","90","4","C 1 2 1"
"6VXS","30.391","37.896","65.4","84.368","82.11","90.114","2","P 1"
"6YB7","112.429","52.798","44.611","90","103.03","90","4","C 1 2 1"
"6W02","33.264","37.842","68.296","97.859","97.377","89.941","2","P 1"
"6VWW","150.539","150.539","111.31","90","90","120","12","P 63"
"6W01","150.784","150.784","111.682","90","90","120","12","P 63"
"6M17",,,,,,,,
"6W4B","89.883","89.883","132.587","90","90","120","24","P 61 2 2"
"6VSB",,,,,,,,
"6Y84","112.812","52.949","44.631","90","103.16","90","4","C 1 2 1"
"6LZG","104.448","104.448","229.786","90","90","90","8","P 41 21 2"
"6VW1","80.435","118.034","112.075","90","93.12","90","4","P 1 21 1"
"6M1D",,,,,,,,
"6M18",,,,,,,,
"6VYO","66.238","77.43","114.039","90","90","90","16","P 21 21 21"
"6Y7M","107.905","82.247","53.131","90","104.465","90","4","C 1 2 1"
"3R24","67.33","184.52","128.59","90","90","90","8","C 2 2 21"
